<?xml version="1.0" encoding="UTF-8"?>
<config xmlns="http://www.knime.org/2008/09/XMLConfig" xmlns:xsi="http://www.w3.org/2001/XMLSchema-instance" xsi:schemaLocation="http://www.knime.org/2008/09/XMLConfig http://www.knime.org/XMLConfig_2008_09.xsd" key="MiningSchema">
    <config key="learning">
        <entry key="array-size" type="xint" value="30"/>
        <entry key="0" type="xstring" value="V1"/>
        <entry key="1" type="xstring" value="V2"/>
        <entry key="2" type="xstring" value="V3"/>
        <entry key="3" type="xstring" value="V4"/>
        <entry key="4" type="xstring" value="V5"/>
        <entry key="5" type="xstring" value="V6"/>
        <entry key="6" type="xstring" value="V7"/>
        <entry key="7" type="xstring" value="V8"/>
        <entry key="8" type="xstring" value="V9"/>
        <entry key="9" type="xstring" value="V10"/>
        <entry key="10" type="xstring" value="V11"/>
        <entry key="11" type="xstring" value="V12"/>
        <entry key="12" type="xstring" value="V13"/>
        <entry key="13" type="xstring" value="V14"/>
        <entry key="14" type="xstring" value="V15"/>
        <entry key="15" type="xstring" value="V16"/>
        <entry key="16" type="xstring" value="V17"/>
        <entry key="17" type="xstring" value="V18"/>
        <entry key="18" type="xstring" value="V19"/>
        <entry key="19" type="xstring" value="V20"/>
        <entry key="20" type="xstring" value="V21"/>
        <entry key="21" type="xstring" value="V22"/>
        <entry key="22" type="xstring" value="V23"/>
        <entry key="23" type="xstring" value="V24"/>
        <entry key="24" type="xstring" value="V25"/>
        <entry key="25" type="xstring" value="V26"/>
        <entry key="26" type="xstring" value="V27"/>
        <entry key="27" type="xstring" value="V28"/>
        <entry key="28" type="xstring" value="Amount"/>
        <entry key="29" type="xstring" value="Time"/>
    </config>
    <config key="target">
        <entry key="array-size" type="xint" value="1"/>
        <entry key="0" type="xstring" value="Class"/>
    </config>
</config>
