<?xml version="1.0" encoding="UTF-8"?>
<config xmlns="http://www.knime.org/2008/09/XMLConfig" xmlns:xsi="http://www.w3.org/2001/XMLSchema-instance" xsi:schemaLocation="http://www.knime.org/2008/09/XMLConfig http://www.knime.org/XMLConfig_2008_09.xsd" key="model.xml">
    <entry key="version" type="xint" value="1"/>
    <entry key="class_name" type="xstring" value="org.knime.arima.ARIMAPortObject"/>
    <config key="model">
        <config key="0">
            <entry key="mu.par" type="xdouble" value="0.0"/>
            <config key="ar.pars">
                <entry key="array-size" type="xint" value="1"/>
                <entry key="0" type="xdouble" value="0.024601607156099697"/>
            </config>
            <entry key="i.pars" type="xint" value="1"/>
            <config key="ma.pars">
                <entry key="array-size" type="xint" value="0"/>
            </config>
            <entry key="seasonal.period.par" type="xint" value="0"/>
            <config key="s.ar.pars">
                <entry key="array-size" type="xint" value="0"/>
            </config>
            <entry key="s.i.pars" type="xint" value="0"/>
            <config key="s.ma.pars">
                <entry key="array-size" type="xint" value="0"/>
            </config>
            <entry key="loglikelihood" type="xdouble" value="205.97486141766177"/>
            <entry key="sigma2" type="xdouble" value="0.003619854887445811"/>
            <entry key="ts.varname" type="xstring" value="AveragePrice"/>
            <entry key="comment" type="xstring" value="Conditional Likelihood"/>
        </config>
    </config>
</config>
